{
  "Beams":[
		{
          "ID": 0,
    		"ListofConers": [
				[-0.06384238, -0.0540620112401798,0],
				[-0.06384238, -0.04746689784583201,0],
				[-0.004204686607101552, -0.04746689784583201,0],
				[-0.004204686607101552, 0.052533102154167996,0],
				[-0.06384238, 0.052533102154167996,0],
				[-0.06384238, 0.059128215548515786,0],
				[0.06144354967548299, 0.059128215548515786,0],
				[0.06144354967548299, 0.052533102154167996,0],
				[0.0018058562825845376, 0.052533102154167996,0],
				[0.0018058562825845376, -0.04746689784583201,0],
				[0.06144354967548299, -0.04746689784583201,0],
				[0.06144354967548299, -0.0540620112401798,0]
    		],
    		"Start":[-0.9989378064399599,24.947668935717687,6.734453762284262 ],
    		"End":[9.296782277836904,24.952220815554153,6.780501244719426],
			"PCA_rot": [[0.999990268, 0.000204173744, -0.00440715125], [-0.000204173744, 0.999999979, 4.49914476e-07], [0.00440715125, 4.49914476e-07, 0.999990288]],
			"PCB_rot":[[ 1.00000000e+00,  2.60208521e-17,  1.67994760e-17], [-2.60208521e-17,  4.11612024e-01,  9.11359173e-01], [ 1.67994760e-17, -9.11359173e-01,  4.11612024e-01]]
        },
    	{
          "ID": 1,
    		"ListofConers": [
				[-0.06384238, -0.0540620112401798,0],
				[-0.06384238, -0.04746689784583201,0],
				[-0.004204686607101552, -0.04746689784583201,0],
				[-0.004204686607101552, 0.052533102154167996,0],
				[-0.06384238, 0.052533102154167996,0],
				[-0.06384238, 0.059128215548515786,0],
				[0.06144354967548299, 0.059128215548515786,0],
				[0.06144354967548299, 0.052533102154167996,0],
				[0.0018058562825845376, 0.052533102154167996,0],
				[0.0018058562825845376, -0.04746689784583201,0],
				[0.06144354967548299, -0.04746689784583201,0],
				[0.06144354967548299, -0.0540620112401798,0]
    		],
    		"Start":[-0.9981818058386125,18.72138129250174,6.885951338210794],
    		"End":[9.37080366924468,18.720659072966225,6.8498804659002355],
			"PCA_rot": [[ 9.99993887e-01,  3.40485598e-04,  3.48002156e-03],[-3.40485598e-04,  9.99999942e-01, -5.92450422e-07],[-3.48002156e-03, -5.92450422e-07,  9.99993945e-01]],
			"PCB_rot":[[ 1.00000000e+00, -7.37257477e-18, -1.01001158e-17],[ 7.37257477e-18, -3.04779267e-01,  9.52423014e-01],[-1.01001158e-17, -9.52423014e-01, -3.04779267e-01]]
			
        },
		{
          "ID": 6,
    		"ListofConers": [
				[-0.06384238, -0.0540620112401798,0],
				[-0.06384238, -0.04746689784583201,0],
				[-0.004204686607101552, -0.04746689784583201,0],
				[-0.004204686607101552, 0.052533102154167996,0],
				[-0.06384238, 0.052533102154167996,0],
				[-0.06384238, 0.059128215548515786,0],
				[0.06144354967548299, 0.059128215548515786,0],
				[0.06144354967548299, 0.052533102154167996,0],
				[0.0018058562825845376, 0.052533102154167996,0],
				[0.0018058562825845376, -0.04746689784583201,0],
				[0.06144354967548299, -0.04746689784583201,0],
				[0.06144354967548299, -0.0540620112401798,0]
    		],
    		"Start":[4.393260161832658,25.11841770116193,6.589309160408795],
    		"End":[4.301869177519758,17.19369320048758,6.850611672710683],
			"PCA_rot": [[-0.01152536,  0.99939045, -0.03295297],
       [-0.99939045, -0.0104268 ,  0.03331688],
       [ 0.03295297,  0.03331688,  0.99890144]],
			"PCB_rot":[[ 1.00000000e+00,  6.24500451e-17, -7.48329682e-17],
       [-6.24500451e-17, -1.78944037e-01, -9.83859254e-01],
       [-7.48329682e-17,  9.83859254e-01, -1.78944037e-01]]
        },
				{
          "ID": 17,
    		"ListofConers": [
				[-0.06384238, -0.0540620112401798,0],
				[-0.06384238, -0.04746689784583201,0],
				[-0.004204686607101552, -0.04746689784583201,0],
				[-0.004204686607101552, 0.052533102154167996,0],
				[-0.06384238, 0.052533102154167996,0],
				[-0.06384238, 0.059128215548515786,0],
				[0.06144354967548299, 0.059128215548515786,0],
				[0.06144354967548299, 0.052533102154167996,0],
				[0.0018058562825845376, 0.052533102154167996,0],
				[0.0018058562825845376, -0.04746689784583201,0],
				[0.06144354967548299, -0.04746689784583201,0],
				[0.06144354967548299, -0.0540620112401798,0]
    		],
    		"Start":[4.319927158790026,18.699618791694913,4.927685439840852],
    		"End":[4.297022527633151,20.80852183072625,6.802541674578921],
			"PCA_rot": [[-0.00363956, -0.74734756, -0.66442335],
       [ 0.74734756,  0.4394314 , -0.49836901],
       [ 0.66442335, -0.49836901,  0.55692903]],
			"PCB_rot":[[ 1.00000000e+00,  2.77555756e-16, -4.09579494e-16],
       [-2.77555756e-16, -3.70592000e-01, -9.28795763e-01],
       [-4.09579494e-16,  9.28795763e-01, -3.70592000e-01]]
        }
  ]
}
