{
  "Beams":[
		{
          "ID": 0,
    		"ListofConers": [
				[-0.06384238, -0.0540620112401798,0],
				[-0.06384238, -0.04746689784583201,0],
				[-0.004204686607101552, -0.04746689784583201,0],
				[-0.004204686607101552, 0.052533102154167996,0],
				[-0.06384238, 0.052533102154167996,0],
				[-0.06384238, 0.059128215548515786,0],
				[0.06144354967548299, 0.059128215548515786,0],
				[0.06144354967548299, 0.052533102154167996,0],
				[0.0018058562825845376, 0.052533102154167996,0],
				[0.0018058562825845376, -0.04746689784583201,0],
				[0.06144354967548299, -0.04746689784583201,0],
				[0.06144354967548299, -0.0540620112401798,0]
    		],
    		"Start":[-0.9989378064399599,24.947668935717687,6.734453762284262 ],
    		"End":[9.431037738388508,24.952220815554153,6.162427985517713]
			},
    	{
          "ID": 1,
    		"ListofConers": [
				[-0.06384238, -0.0540620112401798,0],
				[-0.06384238, -0.04746689784583201,0],
				[-0.004204686607101552, -0.04746689784583201,0],
				[-0.004204686607101552, 0.052533102154167996,0],
				[-0.06384238, 0.052533102154167996,0],
				[-0.06384238, 0.059128215548515786,0],
				[0.06144354967548299, 0.059128215548515786,0],
				[0.06144354967548299, 0.052533102154167996,0],
				[0.0018058562825845376, 0.052533102154167996,0],
				[0.0018058562825845376, -0.04746689784583201,0],
				[0.06144354967548299, -0.04746689784583201,0],
				[0.06144354967548299, -0.0540620112401798,0]
    		],
    		"Start":[-0.9981818058386125,18.72138129250174,6.885951338210794],
    		"End":[9.437214112954253,18.720659072966225,6.362602295174092]
			},
		{
          "ID": 6,
    		"ListofConers": [
				[-0.06384238, -0.0540620112401798,0],
				[-0.06384238, -0.04746689784583201,0],
				[-0.004204686607101552, -0.04746689784583201,0],
				[-0.004204686607101552, 0.052533102154167996,0],
				[-0.06384238, 0.052533102154167996,0],
				[-0.06384238, 0.059128215548515786,0],
				[0.06144354967548299, 0.059128215548515786,0],
				[0.06144354967548299, 0.052533102154167996,0],
				[0.0018058562825845376, 0.052533102154167996,0],
				[0.0018058562825845376, -0.04746689784583201,0],
				[0.06144354967548299, -0.04746689784583201,0],
				[0.06144354967548299, -0.0540620112401798,0]
    		],
    		"Start":[4.393260161832658,25.11841770116193,6.589309160408795],
    		"End":[4.301869177519758,17.19369320048758,6.850611672710683]
			},
				{
          "ID": 17,
    		"ListofConers": [
				[-0.06384238, -0.0540620112401798,0],
				[-0.06384238, -0.04746689784583201,0],
				[-0.004204686607101552, -0.04746689784583201,0],
				[-0.004204686607101552, 0.052533102154167996,0],
				[-0.06384238, 0.052533102154167996,0],
				[-0.06384238, 0.059128215548515786,0],
				[0.06144354967548299, 0.059128215548515786,0],
				[0.06144354967548299, 0.052533102154167996,0],
				[0.0018058562825845376, 0.052533102154167996,0],
				[0.0018058562825845376, -0.04746689784583201,0],
				[0.06144354967548299, -0.04746689784583201,0],
				[0.06144354967548299, -0.0540620112401798,0]
    		],
    		"Start":[4.319927158790026,18.699618791694913,4.927685439840852],
    		"End":[4.297022527633151,20.80852183072625,6.802541674578921]
			}
  ]
}
