{
  "Pipe":[
		{
			"ID": 0,
			"Radius": 17.7, 
			"Segments":[
				{
					"Start":[7.34689,17.199,5.67335],
					"End":[7.3924050797958785,23.18004639210466,5.696541046141641]
				},
				{
					"Start":[7.3924050797958785,23.18004639210466,5.696541046141641],
					"End":[8.087433940048935,23.220755475309495,4.874769073018557]
				},
				{
					"Start":[8.087433940048935,23.220755475309495,4.874769073018557],
					"End":[8.98069,23.2249,4.89286]
				}				
			]

        },
    	{
			"ID": 1,
			"Radius": 17.7, 
			"Segments":[
				{
					"Start":[-1.00016,18.2562,5.65941],
					"End":[7.01563,18.2797,5.68722]
				}
            ]
        }
		{
			"ID": 2,
			"Radius": 17.7, 
			"Segments":[
				{
					"Start":[0.762882,17.2002,5.66832],
					"End":[0.7633459852759845,18.261370094358007,5.66552831166367]
				}
            ]
        }
  ]
}